Workbook

Sheet Riepilogo Alfa
A1: MISRA 2004 | B1: FIAT | C1: ALFA
A2: 1.1 | B2: required | C2: =IF(SUM('Dettaglio Alfa'!C2:F2)=4, 1, 0) -> 0
A3: 1.2 | B3: required | C3: =IF(SUM('Dettaglio Alfa'!C3:F3)=4, 1, 0) -> 1 | E3: ALFA
A4: 1.3 | B4: required | C4: =IF(SUM('Dettaglio Alfa'!C4:F4)=4, 1, 0) -> 1 | E4: N° totale regole MISRA: | H4: =COUNTA(A2:A142) -> 141
A5: 1.4 | B5: required | C5: =IF(SUM('Dettaglio Alfa'!C5:F5)=4, 1, 0) -> 1 | E5: N° regole rispettate: | H5: =SUM(C2:C142) -> 126
A6: 1.5 | B6: advisory | C6: =IF(SUM('Dettaglio Alfa'!C6:F6)=4, 1, 0) -> 1 | E6: Completamento: | H6: =H5/H4 -> 0.89361702
A7: 2.1 | B7: required | C7: =IF(SUM('Dettaglio Alfa'!C7:F7)=4, 1, 0) -> 1
A8: 2.2 | B8: required | C8: =IF(SUM('Dettaglio Alfa'!C8:F8)=4, 1, 0) -> 0
A9: 2.3 | B9: required | C9: =IF(SUM('Dettaglio Alfa'!C9:F9)=4, 1, 0) -> 1
A10: 2.4 | B10: advisory | C10: =IF(SUM('Dettaglio Alfa'!C10:F10)=4, 1, 0) -> 1
A11: 3.1 | B11: required | C11: =IF(SUM('Dettaglio Alfa'!C11:F11)=4, 1, 0) -> 1
A12: 3.2 | B12: advisory | C12: =IF(SUM('Dettaglio Alfa'!C12:F12)=4, 1, 0) -> 1
A13: 3.3 | B13: advisory | C13: =IF(SUM('Dettaglio Alfa'!C13:F13)=4, 1, 0) -> 1
A14: 3.4 | B14: required & justifiable | C14: =IF(SUM('Dettaglio Alfa'!C14:F14)=4, 1, 0) -> 1
A15: 3.5 | B15: ? | C15: =IF(SUM('Dettaglio Alfa'!C15:F15)=4, 1, 0) -> 1
A16: 3.6 | B16: required & justifiable | C16: =IF(SUM('Dettaglio Alfa'!C16:F16)=4, 1, 0) -> 1
A17: 4.1 | B17: required | C17: =IF(SUM('Dettaglio Alfa'!C17:F17)=4, 1, 0) -> 1
A18: 4.2 | B18: required | C18: =IF(SUM('Dettaglio Alfa'!C18:F18)=4, 1, 0) -> 1
... A40: 8.9 | B40: required | C40: =IF(SUM('Dettaglio Alfa'!C40:F40)=4, 1, 0) -> 1
A41: 8.10 | B41: required | C41: =IF(SUM('Dettaglio Alfa'!C41:F41)=4, 1, 0) -> 1 | E41: * Se abilitata la regola 8.10 da' errori in fase di link
A42: 8.11 | B42: required | C42: =IF(SUM('Dettaglio Alfa'!C42:F42)=4, 1, 0) -> 1
A43: 8.12 | B43: ? | C43: =IF(SUM('Dettaglio Alfa'!C43:F43)=4, 1, 0) -> 1
A44: 9.1 | B44: required | C44: =IF(SUM('Dettaglio Alfa'!C44:F44)=4, 1, 0) -> 1
A45: 9.2 | B45: required | C45: =IF(SUM('Dettaglio Alfa'!C45:F45)=4, 1, 0) -> 1
A46: 9.3 | B46: required | C46: =IF(SUM('Dettaglio Alfa'!C46:F46)=4, 1, 0) -> 0
A47: 10.1 | B47: required | C47: =IF(SUM('Dettaglio Alfa'!C47:F47)=4, 1, 0) -> 0
A48: 10.2 | B48: required | C48: =IF(SUM('Dettaglio Alfa'!C48:F48)=4, 1, 0) -> 1
A49: 10.3 | B49: ? | C49: =IF(SUM('Dettaglio Alfa'!C49:F49)=4, 1, 0) -> 0
A50: 10.4 | B50: required | C50: =IF(SUM('Dettaglio Alfa'!C50:F50)=4, 1, 0) -> 1
A51: 10.5 | B51: required | C51: =IF(SUM('Dettaglio Alfa'!C51:F51)=4, 1, 0) -> 1
A52: 10.6 | B52: ? | C52: =IF(SUM('Dettaglio Alfa'!C52:F52)=4, 1, 0) -> 1
A53: 11.1 | B53: required | C53: =IF(SUM('Dettaglio Alfa'!C53:F53)=4, 1, 0) -> 0
... A142: 21.1 | B142: required | C142: =IF(SUM('Dettaglio Alfa'!C142:F142)=4, 1, 0) -> 1

Sheet Dettaglio Alfa
A1: MISRA 2004 | B1: FIAT | C1: PTFC_Core | D1: PTFC_Cfg | E1: APPL_Core | F1: APPL_Cfg
A2: 1.1 | B2: required | C2: 0 | D2: 0 | E2: 0 | F2: 0
A3: 1.2 | B3: required | C3: 1 | D3: 1 | E3: 1 | F3: 1 | I3: =C1 -> PTFC_Core
A4: 1.3 | B4: required | C4: 1 | D4: 1 | E4: 1 | F4: 1 | I4: N° totale regole MISRA: | L4: =COUNTA(A2:A142) -> 141
A5: 1.4 | B5: required | C5: 1 | D5: 1 | E5: 1 | F5: 1 | I5: N° regole rispettate: | L5: =SUM(C2:C142) -> 127
A6: 1.5 | B6: advisory | C6: 1 | D6: 1 | E6: 1 | F6: 1 | I6: Completamento: | L6: =L5/L4 -> 0.90070922
A7: 2.1 | B7: required | C7: 1 | D7: 1 | E7: 1 | F7: 1
A8: 2.2 | B8: required | C8: 0 | D8: 0 | E8: 0 | F8: 0
A9: 2.3 | B9: required | C9: 1 | D9: 1 | E9: 1 | F9: 1 | I9: =D1 -> PTFC_Cfg
A10: 2.4 | B10: advisory | C10: 1 | D10: 1 | E10: 1 | F10: 1 | I10: N° totale regole MISRA: | L10: =COUNTA(A2:A142) -> 141
A11: 3.1 | B11: required | C11: 1 | D11: 1 | E11: 1 | F11: 1 | I11: N° regole rispettate: | L11: =SUM(D2:D142) -> 128
A12: 3.2 | B12: advisory | C12: 1 | D12: 1 | E12: 1 | F12: 1 | I12: Completamento: | L12: =L11/L10 -> 0.90780142
A13: 3.3 | B13: advisory | C13: 1 | D13: 1 | E13: 1 | F13: 1
A14: 3.4 | B14: required & justifiable | C14: 1 | D14: 1 | E14: 1 | F14: 1
A15: 3.5 | B15: ? | C15: 1 | D15: 1 | E15: 1 | F15: 1 | I15: =E1 -> APPL_Core
A16: 3.6 | B16: required & justifiable | C16: 1 | D16: 1 | E16: 1 | F16: 1 | I16: N° totale regole MISRA: | L16: =COUNTA(A2:A142) -> 141
A17: 4.1 | B17: required | C17: 1 | D17: 1 | E17: 1 | F17: 1 | I17: N° regole rispettate: | L17: =SUM(E2:E142) -> 130
A18: 4.2 | B18: required | C18: 1 | D18: 1 | E18: 1 | F18: 1 | I18: Completamento: | L18: =L17/L16 -> 0.92198582
A19: 5.1 | B19: required | C19: 1 | D19: 1 | E19: 1 | F19: 1
A20: 5.2 | B20: required | C20: 1 | D20: 1 | E20: 1 | F20: 1
A21: 5.3 | B21: required | C21: 1 | D21: 1 | E21: 1 | F21: 1 | I21: =F1 -> APPL_Cfg
A22: 5.4 | B22: required | C22: 0 | D22: 0 | E22: 0 | F22: 0 | I22: N° totale regole MISRA: | L22: =COUNTA(A2:A142) -> 141
A23: 5.5 | B23: required | C23: 1 | D23: 1 | E23: 1 | F23: 1 | I23: N° regole rispettate: | L23: =SUM(F2:F142) -> 128
A24: 5.6 | B24: required | C24: 1 | D24: 1 | E24: 1 | F24: 1 | I24: Completamento: | L24: =L23/L22 -> 0.90780142
A25: 5.7 | B25: required | C25: 1 | D25: 1 | E25: 1 | F25: 1
A26: 6.1 | B26: required | C26: 1 | D26: 1 | E26: 1 | F26: 1
A27: 6.2 | B27: required | C27: 1 | D27: 1 | E27: 1 | F27: 1
A28: 6.3 | B28: required | C28: 1 | D28: 1 | E28: 1 | F28: 1
A29: 6.4 | B29: advisory | C29: 0 | D29: 0 | E29: 0 | F29: 0
A30: 6.5 | B30: required | C30: 1 | D30: 1 | E30: 1 | F30: 1
A31: 7.1 | B31: required | C31: 1 | D31: 1 | E31: 1 | F31: 1
A32: 8.1 | B32: required | C32: 1 | D32: 1 | E32: 1 | F32: 1
A33: 8.2 | B33: required | C33: 1 | D33: 1 | E33: 1 | F33: 1
A34: 8.3 | B34: required | C34: 1 | D34: 1 | E34: 1 | F34: 1
A35: 8.4 | B35: required | C35: 1 | D35: 1 | E35: 1 | F35: 1
A36: 8.5 | B36: required | C36: 0 | D36: 0 | E36: 0 | F36: 0
... A142: 21.1 | B142: required | C142: 1 | D142: 1 | E142: 1 | F142: 1
